RowNames,SPECIES,SEPAL.L,SEPAL.W,PETAL.L,PETAL.W
1,Setosa,5.1,3.5,1.4,0.2
2,Setosa,4.9,3,1.4,0.2
3,Setosa,4.7,3.2,1.3,0.2
4,Setosa,4.6,3.1,1.5,0.2
5,Setosa,5,3.6,1.4,0.2
6,Setosa,5.4,3.9,1.7,0.4
7,Setosa,4.6,3.4,1.4,0.3
8,Setosa,5,3.4,1.5,0.2
9,Setosa,4.4,2.9,1.4,0.2
10,Setosa,4.9,3.1,1.5,0.1
11,Setosa,5.4,3.7,1.5,0.2
12,Setosa,4.8,3.4,1.6,0.2
13,Setosa,4.8,3,1.4,0.1
14,Setosa,4.3,3,1.1,0.1
15,Setosa,5.8,4,1.2,0.2
16,Setosa,5.7,4.4,1.5,0.4
17,Setosa,5.4,3.9,1.3,0.4
18,Setosa,5.1,3.5,1.4,0.3
19,Setosa,5.7,3.8,1.7,0.3
20,Setosa,5.1,3.8,1.5,0.3
21,Setosa,5.4,3.4,1.7,0.2
22,Setosa,5.1,3.7,1.5,0.4
23,Setosa,4.6,3.6,1,0.2
24,Setosa,5.1,3.3,1.7,0.5
25,Setosa,4.8,3.4,1.9,0.2
26,Setosa,5,3,1.6,0.2
27,Setosa,5,3.4,1.6,0.4
28,Setosa,5.2,3.5,1.5,0.2
29,Setosa,5.2,3.4,1.4,0.2
30,Setosa,4.7,3.2,1.6,0.2
31,Setosa,4.8,3.1,1.6,0.2
32,Setosa,5.4,3.4,1.5,0.4
33,Setosa,5.2,4.1,1.5,0.1
34,Setosa,5.5,4.2,1.4,0.2
35,Setosa,4.9,3.1,1.5,0.2
36,Setosa,5,3.2,1.2,0.2
37,Setosa,5.5,3.5,1.3,0.2
38,Setosa,4.9,3.6,1.4,0.1
39,Setosa,4.4,3,1.3,0.2
40,Setosa,5.1,3.4,1.5,0.2
41,Setosa,5,3.5,1.3,0.3
42,Setosa,4.5,2.3,1.3,0.3
43,Setosa,4.4,3.2,1.3,0.2
44,Setosa,5,3.5,1.6,0.6
45,Setosa,5.1,3.8,1.9,0.4
46,Setosa,4.8,3,1.4,0.3
47,Setosa,5.1,3.8,1.6,0.2
48,Setosa,4.6,3.2,1.4,0.2
49,Setosa,5.3,3.7,1.5,0.2
50,Setosa,5,3.3,1.4,0.2
51,Versicolor,7,3.2,4.7,1.4
52,Versicolor,6.4,3.2,4.5,1.5
53,Versicolor,6.9,3.1,4.9,1.5
54,Versicolor,5.5,2.3,4,1.3
55,Versicolor,6.5,2.8,4.6,1.5
56,Versicolor,5.7,2.8,4.5,1.3
57,Versicolor,6.3,3.3,4.7,1.6
58,Versicolor,4.9,2.4,3.3,1
59,Versicolor,6.6,2.9,4.6,1.3
60,Versicolor,5.2,2.7,3.9,1.4
61,Versicolor,5,2,3.5,1
62,Versicolor,5.9,3,4.2,1.5
63,Versicolor,6,2.2,4,1
64,Versicolor,6.1,2.9,4.7,1.4
65,Versicolor,5.6,2.9,3.6,1.3
66,Versicolor,6.7,3.1,4.4,1.4
67,Versicolor,5.6,3,4.5,1.5
68,Versicolor,5.8,2.7,4.1,1
69,Versicolor,6.2,2.2,4.5,1.5
70,Versicolor,5.6,2.5,3.9,1.1
71,Versicolor,5.9,3.2,4.8,1.8
72,Versicolor,6.1,2.8,4,1.3
73,Versicolor,6.3,2.5,4.9,1.5
74,Versicolor,6.1,2.8,4.7,1.2
75,Versicolor,6.4,2.9,4.3,1.3
76,Versicolor,6.6,3,4.4,1.4
77,Versicolor,6.8,2.8,4.8,1.4
78,Versicolor,6.7,3,5,1.7
79,Versicolor,6,2.9,4.5,1.5
80,Versicolor,5.7,2.6,3.5,1
81,Versicolor,5.5,2.4,3.8,1.1
82,Versicolor,5.5,2.4,3.7,1
83,Versicolor,5.8,2.7,3.9,1.2
84,Versicolor,6,2.7,5.1,1.6
85,Versicolor,5.4,3,4.5,1.5
86,Versicolor,6,3.4,4.5,1.6
87,Versicolor,6.7,3.1,4.7,1.5
88,Versicolor,6.3,2.3,4.4,1.3
89,Versicolor,5.6,3,4.1,1.3
90,Versicolor,5.5,2.5,4,1.3
91,Versicolor,5.5,2.6,4.4,1.2
92,Versicolor,6.1,3,4.6,1.4
93,Versicolor,5.8,2.6,4,1.2
94,Versicolor,5,2.3,3.3,1
95,Versicolor,5.6,2.7,4.2,1.3
96,Versicolor,5.7,3,4.2,1.2
97,Versicolor,5.7,2.9,4.2,1.3
98,Versicolor,6.2,2.9,4.3,1.3
99,Versicolor,5.1,2.5,3,1.1
100,Versicolor,5.7,2.8,4.1,1.3
101,Virginica,6.3,3.3,6,2.5
102,Virginica,5.8,2.7,5.1,1.9
103,Virginica,7.1,3,5.9,2.1
104,Virginica,6.3,2.9,5.6,1.8
105,Virginica,6.5,3,5.8,2.2
106,Virginica,7.6,3,6.6,2.1
107,Virginica,4.9,2.5,4.5,1.7
108,Virginica,7.3,2.9,6.3,1.8
109,Virginica,6.7,2.5,5.8,1.8
110,Virginica,7.2,3.6,6.1,2.5
111,Virginica,6.5,3.2,5.1,2
112,Virginica,6.4,2.7,5.3,1.9
113,Virginica,6.8,3,5.5,2.1
114,Virginica,5.7,2.5,5,2
115,Virginica,5.8,2.8,5.1,2.4
116,Virginica,6.4,3.2,5.3,2.3
117,Virginica,6.5,3,5.5,1.8
118,Virginica,7.7,3.8,6.7,2.2
119,Virginica,7.7,2.6,6.9,2.3
120,Virginica,6,2.2,5,1.5
121,Virginica,6.9,3.2,5.7,2.3
122,Virginica,5.6,2.8,4.9,2
123,Virginica,7.7,2.8,6.7,2
124,Virginica,6.3,2.7,4.9,1.8
125,Virginica,6.7,3.3,5.7,2.1
126,Virginica,7.2,3.2,6,1.8
127,Virginica,6.2,2.8,4.8,1.8
128,Virginica,6.1,3,4.9,1.8
129,Virginica,6.4,2.8,5.6,2.1
130,Virginica,7.2,3,5.8,1.6
131,Virginica,7.4,2.8,6.1,1.9
132,Virginica,7.9,3.8,6.4,2
133,Virginica,6.4,2.8,5.6,2.2
134,Virginica,6.3,2.8,5.1,1.5
135,Virginica,6.1,2.6,5.6,1.4
136,Virginica,7.7,3,6.1,2.3
137,Virginica,6.3,3.4,5.6,2.4
138,Virginica,6.4,3.1,5.5,1.8
139,Virginica,6,3,4.8,1.8
140,Virginica,6.9,3.1,5.4,2.1
141,Virginica,6.7,3.1,5.6,2.4
142,Virginica,6.9,3.1,5.1,2.3
143,Virginica,5.8,2.7,5.1,1.9
144,Virginica,6.8,3.2,5.9,2.3
145,Virginica,6.7,3.3,5.7,2.5
146,Virginica,6.7,3,5.2,2.3
147,Virginica,6.3,2.5,5,1.9
148,Virginica,6.5,3,5.2,2
149,Virginica,6.2,3.4,5.4,2.3
150,Virginica,5.9,3,5.1,1.8
